{"cameraMode":{"drawMode":0,"name":"Shaded","section":"Shading Mode"},"sceneLighting":true,"audioPlay":false,"sceneViewState":{"showFog":true,"showMaterialUpdate":false,"showSkybox":true,"showFlares":true,"showImageEffects":true,"showParticleSystems":true},"in2DMode":false,"pivot":{"x":27.634349822998048,"y":1.129537582397461,"z":10.764780044555664},"rotation":{"x":-0.18889665603637696,"y":-0.08766359835863114,"z":0.01693289913237095,"w":-0.9779297113418579},"size":42.740299224853519,"orthographic":false}