{"cameraMode":{"drawMode":0,"name":"Shaded","section":"Shading Mode"},"sceneLighting":false,"audioPlay":false,"sceneViewState":{"showFog":true,"showMaterialUpdate":true,"showSkybox":false,"showFlares":true,"showImageEffects":true,"showParticleSystems":true},"in2DMode":false,"pivot":{"x":2.384185791015625e-7,"y":1.9997327327728272,"z":1.5},"rotation":{"x":-0.03772442787885666,"y":0.063508540391922,"z":-0.002379803452640772,"w":-0.9972652196884155},"size":8.291849136352539,"orthographic":false}