{"cameraMode":{"drawMode":0,"name":"Shaded","section":"Shading Mode"},"sceneLighting":true,"audioPlay":false,"sceneViewState":{"showFog":true,"showMaterialUpdate":true,"showSkybox":false,"showFlares":true,"showImageEffects":true,"showParticleSystems":true},"in2DMode":false,"pivot":{"x":0.05821216106414795,"y":-0.8643841743469238,"z":5.82517147064209},"rotation":{"x":0.09165014326572418,"y":0.024202443659305574,"z":-0.00226325704716146,"w":0.9954946041107178},"size":19.089710235595704,"orthographic":false}