{"cameraMode":{"drawMode":0,"name":"Shaded","section":"Shading Mode"},"sceneLighting":false,"audioPlay":false,"sceneViewState":{"showFog":true,"showMaterialUpdate":true,"showSkybox":false,"showFlares":true,"showImageEffects":true,"showParticleSystems":true},"in2DMode":false,"pivot":{"x":4.172325134277344e-7,"y":1.0000004768371583,"z":0.0},"rotation":{"x":-0.11839383840560913,"y":-0.4159226715564728,"z":0.054738741368055347,"w":-0.8999971151351929},"size":4.404478073120117,"orthographic":false}