{"cameraMode":{"drawMode":0,"name":"Shaded","section":"Shading Mode"},"sceneLighting":true,"audioPlay":false,"sceneViewState":{"showFog":true,"showMaterialUpdate":false,"showSkybox":true,"showFlares":true,"showImageEffects":true,"showParticleSystems":true},"in2DMode":false,"pivot":{"x":-43.12699890136719,"y":-3.569458246231079,"z":2.3217124938964845},"rotation":{"x":-0.04732053726911545,"y":0.6415334343910217,"z":-0.03970244526863098,"w":-0.7646040916442871},"size":45.331398010253909,"orthographic":false}