{"cameraMode":{"drawMode":0,"name":"Shaded","section":"Shading Mode"},"sceneLighting":true,"audioPlay":false,"sceneViewState":{"showFog":true,"showMaterialUpdate":false,"showSkybox":true,"showFlares":true,"showImageEffects":true,"showParticleSystems":true},"in2DMode":false,"pivot":{"x":34.93498992919922,"y":2.993350028991699,"z":-2.1434326171875},"rotation":{"x":-0.04971897229552269,"y":-0.05331149324774742,"z":0.0026560560800135137,"w":-0.9973359107971191},"size":20.832889556884767,"orthographic":false}